Scale_Factor,Model,Trials,Base_Dataset_Rows,Synthetic_Total_Rows,Training_Rows,Testing_Rows,Feature_Count,Accuracy,Precision_Churn,Recall_Churn,F1_Churn,Weighted_F1,ROC_AUC,True_Negatives,False_Positives,False_Negatives,True_Positives,Training_Time_Run_1,Training_Time_Run_2,Training_Time_Run_3,Mean_Training_Time_Seconds,Std_Training_Time_Seconds,Prediction_Time_Run_1,Prediction_Time_Run_2,Prediction_Time_Run_3,Mean_Prediction_Time_Seconds,Std_Prediction_Time_Seconds,Mean_Training_Throughput_Rows_Per_Second,Std_Training_Throughput_Rows_Per_Second,Mean_Prediction_Throughput_Rows_Per_Second,Std_Prediction_Throughput_Rows_Per_Second
1,Logistic_Regression,3,7032,7032,5690,1342,45,0.821908,0.701639,0.59116,0.641679,0.816814,0.854916,889,91,148,214,5.183742,5.225739,4.130814,4.846765,0.620387,0.516315,0.238859,0.229099,0.328091,0.16308,1187.98,164.14,4691.76,1816.17
1,Decision_Tree,3,7032,7032,5690,1342,45,0.795082,0.688312,0.439227,0.536256,0.778867,0.747326,908,72,203,159,1.539371,1.383745,0.910167,1.277761,0.327718,0.500836,0.365332,0.276297,0.380822,0.113068,4686.65,1371.14,3736.66,1090.16
1,Random_Forest,3,7032,7032,5690,1342,45,0.817437,0.727626,0.516575,0.6042,0.806594,0.853085,910,70,175,187,4.188852,3.959401,3.998649,4.048967,0.122723,0.422997,0.403116,0.318368,0.381494,0.055565,1406.15,41.97,3572.3,562.27
1,Gradient_Boosted_Tree,3,7032,7032,5690,1342,45,0.802534,0.6633,0.544199,0.597876,0.795964,0.843443,880,100,165,197,11.206372,10.325682,10.079503,10.537186,0.59246,0.253715,0.231539,0.250467,0.24524,0.011976,541.1,29.66,5481.13,274.83
5,Logistic_Regression,3,7032,35160,28450,6710,45,0.821908,0.701639,0.59116,0.641679,0.816814,0.854916,4445,455,740,1070,6.03454,3.928804,3.557195,4.506846,1.336005,0.209736,0.226505,0.194818,0.210353,0.015853,6651.26,1719.38,32019.72,2409.31
5,Decision_Tree,3,7032,35160,28450,6710,45,0.809985,0.649025,0.643646,0.646325,0.809735,0.796988,4270,630,645,1165,1.375783,1.297792,1.389115,1.35423,0.049329,0.197356,0.200057,0.200909,0.199441,0.001855,21027.22,781.11,33645.98,314.22
5,Random_Forest,3,7032,35160,28450,6710,45,0.812966,0.712644,0.513812,0.597111,0.802388,0.853893,4525,375,880,930,8.519265,11.375577,14.75445,11.549764,3.12124,0.494474,0.790997,0.644767,0.643413,0.148266,2589.56,709.79,10819.93,2568.54
5,Gradient_Boosted_Tree,3,7032,35160,28450,6710,45,0.818182,0.703448,0.563536,0.625767,0.811364,0.85052,4470,430,790,1020,17.608555,14.799958,28.826513,20.411675,7.421534,0.560522,0.339214,0.312082,0.403939,0.136281,1508.31,476.84,17750.94,5078.9
10,Logistic_Regression,3,7032,70320,56900,13420,45,0.821908,0.701639,0.59116,0.641679,0.816814,0.854916,8890,910,1480,2140,5.035119,4.716808,4.623494,4.791807,0.215818,0.231655,0.188822,0.207934,0.20947,0.021458,11890.19,524.89,64514.31,6570.62
10,Decision_Tree,3,7032,70320,56900,13420,45,0.795082,0.688312,0.439227,0.536256,0.778867,0.74748,9080,720,2030,1590,3.288297,2.719291,2.191881,2.733156,0.548339,0.225309,0.250385,0.263499,0.246398,0.019405,21395.93,4347.03,54696.68,4420.12
10,Random_Forest,3,7032,70320,56900,13420,45,0.818182,0.734127,0.51105,0.602606,0.806726,0.854055,9130,670,1770,1850,14.763437,14.046157,21.425304,16.744966,4.069127,0.652265,0.6066,0.987481,0.748782,0.207977,3520.26,755.14,18762.63,4545.96
10,Gradient_Boosted_Tree,3,7032,70320,56900,13420,45,0.804769,0.673611,0.535912,0.596923,0.797207,0.842579,8860,940,1680,1940,17.18082,18.674329,17.720131,17.858427,0.756298,0.28197,0.479477,0.320137,0.360528,0.104766,3189.94,133.69,39167.37,10088.03
20,Logistic_Regression,3,7032,140640,113800,26840,45,0.821908,0.701639,0.59116,0.641679,0.816814,0.854913,17780,1820,2960,4280,8.286081,6.059706,5.523212,6.623,1.465038,0.272956,0.240538,0.193844,0.235779,0.03977,17705.87,3558.72,116125.28,20447.47
20,Decision_Tree,3,7032,140640,113800,26840,45,0.815201,0.675926,0.604972,0.638484,0.81184,0.783962,17500,2100,2860,4380,3.153965,3.233255,3.206722,3.197981,0.040361,0.226037,0.388098,0.234596,0.28291,0.091196,35588.75,450.95,100769.68,27462.33
20,Random_Forest,3,7032,140640,113800,26840,45,0.814456,0.714829,0.519337,0.6016,0.804222,0.853302,18100,1500,3480,3760,24.279832,18.436688,18.300225,20.338915,3.413616,0.931824,0.623898,1.031227,0.862316,0.212374,5692.67,871.22,32616.95,9115.51
20,Gradient_Boosted_Tree,3,7032,140640,113800,26840,45,0.812966,0.697509,0.541436,0.609642,0.804897,0.851398,17900,1700,3320,3920,20.633734,20.106706,20.250613,20.330351,0.272412,0.385025,0.35421,0.343789,0.361008,0.021442,5598.21,74.61,74518.37,4319.87
50,Logistic_Regression,3,7032,351600,284500,67100,45,0.821908,0.701639,0.59116,0.641679,0.816814,0.854916,44450,4550,7400,10700,9.33586,9.193178,8.071194,8.866744,0.69265,0.301072,0.330243,0.291541,0.307619,0.020164,32223.19,2630.92,218736.83,13953.24
50,Decision_Tree,3,7032,351600,284500,67100,45,0.793592,0.679325,0.444751,0.537563,0.778242,0.752413,45200,3800,10050,8050,6.562279,6.872224,7.783669,7.072724,0.6349,0.317667,0.356594,0.404952,0.359738,0.043727,40434.42,3502.45,188365.13,22765.08
50,Random_Forest,3,7032,351600,284500,67100,45,0.818182,0.720149,0.533149,0.612698,0.808778,0.849783,45250,3750,8450,9650,35.724459,35.124782,39.209532,36.686258,2.205694,1.046387,1.326467,1.494543,1.289132,0.226399,7773.1,453.05,53202.52,9877.9
50,Gradient_Boosted_Tree,3,7032,351600,284500,67100,45,0.806259,0.673469,0.546961,0.603659,0.799466,0.843931,44200,4800,8200,9900,48.749608,60.642506,41.938963,50.443692,9.466154,0.921394,0.710843,0.752004,0.794747,0.111594,5770.35,1047.66,85482.54,11262.51
100,Logistic_Regression,3,7032,703200,569000,134200,45,0.821908,0.701639,0.59116,0.641679,0.816814,0.854908,88900,9100,14800,21400,18.655827,14.990758,15.962671,16.536419,1.898703,0.465285,0.531103,0.515411,0.503933,0.034377,34700.74,3817.18,267160.56,18813.44
100,Decision_Tree,3,7032,703200,569000,134200,45,0.793592,0.694064,0.41989,0.523236,0.775208,0.745534,91300,6700,21000,15200,14.414408,15.834053,18.208445,16.152302,1.916935,0.647887,0.705553,0.672676,0.675372,0.028927,35552.95,4125.88,198947.35,8478.34
100,Random_Forest,3,7032,703200,569000,134200,45,0.814456,0.7251,0.502762,0.593801,0.80263,0.852908,91100,6900,18000,18200,63.803039,90.612716,74.187194,76.200983,13.517811,2.154927,2.474389,2.111351,2.246889,0.198222,7622.44,1319.94,60024.23,5054.11
100,Gradient_Boosted_Tree,3,7032,703200,569000,134200,45,0.813711,0.694444,0.552486,0.615385,0.806495,0.845037,89200,8800,16200,20000,80.593067,103.177476,94.95854,92.909694,11.430757,1.463032,1.235184,1.748479,1.482232,0.257186,6189.01,791.29,92375.83,15957.58
